{

    "camera_position" : {
        "Camera_1": [-1, -3.7, 1.2],
        "Camera_2": [1, -3.7, 1.2],
        "Camera_3": [2.5, -3.7, 4.5],
        "Camera_4": [7, 0, 2.5],
        "Camera_5": [1, 4.5, 5], 
        "Camera_6": [-1, 4.5, 5], 
        "Camera_7": [-7, 0, 2.5],
        "Camera_8": [-2.5, -3.5, 4.5]
 
    },
 
 
 
    "camera_orientation" : {
        "Camera_1":[ -0.048417275949024,0.752827332541209,2.27113483310729],
        "Camera_2":[0.471913688761094,-1.62143391814221,-2.27113483310729],
        "Camera_3":[-0.092168003338065, -2.31370974399953,-1.3907543464632],
        "Camera_4":[1.01303588124063,-1.24133893713018,-1.17463400875038],
        "Camera_5":[1.03012687409402    ,0.292530539272547, -0.12725611960457],
        "Camera_6":[1.47874722179242,-0.174175189704783,0.12725612],
        "Camera_7":[1.37711686019519, 1.11133304821374, 1.27624398464648],
        "Camera_8":[-0.179092487820373, 1.13679475997274, 1.36282609436607]
    },
 
 


    "focal_length" : {
        "Camera_1" : 12,
        "Camera_2" : 12,
        "Camera_3" : 6.8,
        "Camera_4" : 12,
        "Camera_5" : 6.8,
        "Camera_6" : 6.8,
        "Camera_7" : 12,
        "Camera_8" : 6.8
        },

    "pixel_size" : 5.5e-3,  
    "resolution_width" : 1080, 
    "resolution_height" : 1920

}